session,length,refinement_steps,longest_chain,strict_steps,longest_strict_chain,templates,median_rows,lookup_share
11015,19,9,2,0,0,2,24.0,0.0
11016,31,14,8,0,0,2,8.0,0.03225806451612903
11017,13,6,3,0,0,1,27.0,0.0
11018,10,4,1,1,1,9,18.5,0.0
11019,4,0,0,0,0,1,1.0,1.0
11022,44,0,0,0,0,11,1.0,0.9772727272727273
11023,12,0,0,0,0,8,1.0,1.0
11024,4066,0,0,0,0,11,1.0,1.0
11025,49,0,0,0,0,9,1.0,1.0
11026,9,0,0,0,0,9,1.0,1.0
11027,176,0,0,0,0,9,1.0,1.0
11028,8,0,0,0,0,1,1.0,1.0
11029,45,1,1,1,1,15,1.0,0.9777777777777777
11031,31,1,1,1,1,11,1.0,1.0
11032,854,0,0,0,0,7,1.0,1.0
11033,729,0,0,0,0,2,1.0,1.0
11034,1936,0,0,0,0,11,1.0,1.0
11035,8,0,0,0,0,1,1.0,1.0
11036,23,0,0,0,0,10,1.0,1.0
11037,6,0,0,0,0,6,1.0,1.0
11038,296,0,0,0,0,9,1.0,1.0
11039,2,0,0,0,0,2,1.0,1.0
11040,5403,0,0,0,0,11,1.0,1.0
11041,155,2,1,2,1,6,1.0,0.9870967741935484
11043,112,0,0,0,0,2,1.0,1.0
11044,5252,0,0,0,0,2,1.0,1.0
11045,133,123,66,0,0,2,36.0,1.0
11047,49,0,0,0,0,13,1.0,0.9795918367346939
11048,341,0,0,0,0,13,1.0,0.9970674486803519
11049,61,0,0,0,0,9,1.0,1.0
11050,386,0,0,0,0,11,1.0,1.0
11052,4718,0,0,0,0,9,1.0,1.0
11053,43,0,0,0,0,13,1.0,0.9767441860465116
11055,1,0,0,0,0,1,44.0,1.0
11056,10,0,0,0,0,8,4.0,1.0
11057,3309,0,0,0,0,11,1.0,1.0
11058,155,2,1,2,1,6,1.0,0.9870967741935484
11060,112,0,0,0,0,2,1.0,1.0
11061,5252,0,0,0,0,2,1.0,1.0
11062,155,2,1,2,1,6,1.0,0.9870967741935484
11064,112,0,0,0,0,2,1.0,1.0
11065,5252,0,0,0,0,2,1.0,1.0
11066,155,2,1,2,1,6,1.0,0.9870967741935484
11068,112,0,0,0,0,2,1.0,1.0
11069,5252,0,0,0,0,2,1.0,1.0
11070,155,2,1,2,1,6,1.0,0.9870967741935484
11072,112,0,0,0,0,2,1.0,1.0
11073,5252,0,0,0,0,2,1.0,1.0
11074,155,2,1,2,1,6,1.0,0.9870967741935484
11076,112,0,0,0,0,2,1.0,1.0
11077,5252,0,0,0,0,2,1.0,1.0
11078,155,2,1,2,1,6,1.0,0.9870967741935484
11080,112,0,0,0,0,2,1.0,1.0
11081,5252,0,0,0,0,2,1.0,1.0
11082,155,2,1,2,1,6,1.0,0.9870967741935484
11084,84,0,0,0,0,2,1.0,1.0
11085,5272,0,0,0,0,2,1.0,1.0
11086,155,2,1,2,1,6,1.0,0.9870967741935484
11088,112,0,0,0,0,2,1.0,1.0
11089,5250,0,0,0,0,2,1.0,1.0
11090,155,2,1,2,1,6,1.0,0.9870967741935484
11092,112,0,0,0,0,2,1.0,1.0
11093,5252,0,0,0,0,2,1.0,1.0
11094,8,0,0,0,0,1,1.0,1.0
11095,55,0,0,0,0,13,1.0,0.9818181818181818
11096,338,0,0,0,0,12,1.0,1.0
11097,5459,0,0,0,0,11,1.0,1.0
11098,12,4,1,2,1,7,117.5,0.6666666666666666
11108,2,0,0,0,0,2,27.0,1.0
11109,1,0,0,0,0,1,1.0,1.0
11112,1,0,0,0,0,1,1.0,1.0
11115,1,0,0,0,0,1,1.0,1.0
11122,155,2,1,2,1,6,1.0,0.9870967741935484
11124,112,0,0,0,0,2,1.0,1.0
11125,5248,0,0,0,0,2,1.0,1.0
11126,155,2,1,2,1,6,1.0,0.9870967741935484
11128,112,0,0,0,0,2,1.0,1.0
11129,5252,0,0,0,0,2,1.0,1.0
11136,30,9,2,1,1,12,30.0,0.43333333333333335
11137,5,3,3,1,1,3,10.0,1.0
11140,13,0,0,0,0,2,1.0,0.9230769230769231
11141,1,0,0,0,0,1,1.0,1.0
11142,4,0,0,0,0,1,1.0,1.0
11144,14,0,0,0,0,1,1.0,1.0
11145,3,0,0,0,0,1,1.0,0.6666666666666666
11146,130,0,0,0,0,2,8.0,0.9384615384615385
11147,1,0,0,0,0,1,3.0,0.0
11156,5,0,0,0,0,1,1.0,0.8
11157,1,0,0,0,0,1,14.0,0.0
11158,6,1,1,0,0,1,23.0,0.3333333333333333
11173,40,14,4,0,0,2,12.0,0.225
11174,15,5,2,0,0,4,6.0,0.26666666666666666
11177,22,10,4,0,0,2,8.0,0.18181818181818182
11178,605,97,4,0,0,4,9.0,0.4975206611570248
11179,762,130,5,0,0,3,8.0,0.3425196850393701
11180,2,0,0,0,0,2,104.5,0.0
11182,144,38,4,0,0,3,3.0,0.4305555555555556
11183,173,34,2,0,0,2,3.0,0.5086705202312138
11187,539,104,5,0,0,3,2.0,0.3803339517625232
11189,11,4,1,0,0,1,39.0,0.09090909090909091
11192,774,164,5,0,0,3,4.0,0.3372093023255814
11196,120,69,9,0,0,2,151.0,0.9666666666666667
11198,2,0,0,0,0,2,298.0,0.5
11199,6,0,0,0,0,2,23.0,0.5
11200,117,20,3,0,0,4,3.0,0.5213675213675214
11201,93,20,4,0,0,4,2.0,0.4838709677419355
11203,88,14,5,0,0,3,4.0,0.45454545454545453
11204,36,4,1,0,0,3,242.5,0.3888888888888889
11208,226,21,3,0,0,4,2.0,0.3141592920353982
11211,110,17,5,0,0,3,127.5,0.6181818181818182
11212,399,50,4,0,0,3,2.0,0.2932330827067669
11213,1,0,0,0,0,1,1.0,1.0
11215,15,1,1,0,0,2,1.0,0.7333333333333333
11216,720,138,7,0,0,5,18.0,0.6527777777777778
11217,490,172,8,0,0,4,34.0,0.7877551020408163
11218,1447,363,7,0,0,4,33.0,0.6254319281271596
11219,890,146,4,0,0,4,29.0,0.39775280898876403
11221,610,171,7,0,0,4,33.0,0.7655737704918033
11222,1190,323,7,0,0,4,28.0,0.5176470588235295
11223,63,18,2,0,0,4,88.0,0.36507936507936506
11224,83,15,3,0,0,3,114.0,0.3855421686746988
11227,534,134,6,0,0,4,38.0,0.04868913857677903
11228,99,41,5,0,0,4,15.0,0.06060606060606061
11229,2,0,0,0,0,2,2.5,1.0
11231,1,0,0,0,0,1,233.0,0.0
11232,226,44,4,0,0,4,21.0,0.084070796460177
11233,196,33,3,0,0,4,34.5,0.12755102040816327
11234,15,2,1,0,0,3,500.0,0.4666666666666667
11236,453,202,6,0,0,4,32.0,0.06181015452538632
11237,1,0,0,0,0,1,13.0,0.0
11238,1,0,0,0,0,1,13.0,0.0
11240,168,42,6,0,0,4,8.0,0.5238095238095238
11241,195,15,3,0,0,3,2.0,0.6102564102564103
11242,10,5,2,0,0,3,191.5,0.0
11243,9,3,1,0,0,3,396.0,0.0
11244,106,38,4,0,0,3,251.0,0.009433962264150943
11245,166,14,2,0,0,4,7.0,0.6686746987951807
11246,9,1,1,0,0,2,500.0,0.0
11247,123,7,1,0,0,3,2.0,0.7804878048780488
11248,14,5,2,0,0,2,749.5,0.0
11249,312,120,5,0,0,3,228.0,0.038461538461538464
11250,7,3,1,0,0,3,455.0,0.0
11251,119,3,1,0,0,3,2.0,0.8067226890756303
11252,39,16,3,0,0,3,277.0,0.0
11253,113,45,3,0,0,3,120.0,0.07964601769911504
11254,87,24,3,0,0,4,18.0,0.5172413793103449
11256,82,31,3,0,0,4,124.5,0.524390243902439
11257,24,7,2,0,0,3,217.0,0.125
11258,49,19,3,0,0,4,195.0,0.30612244897959184
11259,39,18,5,0,0,2,38.0,0.8974358974358975
11260,168,79,6,0,0,3,496.0,0.011904761904761904
11261,27,13,5,0,0,3,500.0,0.0
11262,4,3,3,0,0,1,999.0,0.0
11263,6,4,4,0,0,3,85.0,0.0
11264,38,13,3,0,0,3,214.0,0.02631578947368421
11265,101,37,5,0,0,3,500.0,0.0
11266,152,24,3,0,0,3,2.0,0.7171052631578947
11267,15,2,1,0,0,3,2.0,0.4
11268,41,15,5,0,0,3,228.0,0.07317073170731707
11271,183,35,4,0,0,2,97.0,0.6612021857923497
11272,1,0,0,0,0,1,151.0,1.0
11273,6,0,0,0,0,2,36.0,0.5
11274,24,3,1,0,0,2,75.5,0.625
11276,86,22,3,0,0,2,31.5,0.6976744186046512
11278,38,12,2,0,0,2,40.0,0.5789473684210527
11279,60,9,2,0,0,2,34.0,0.6666666666666666
11280,7,3,3,0,0,2,28.0,0.14285714285714285
11281,18,2,1,0,0,2,160.5,0.6666666666666666
11282,13,1,1,0,0,2,53.0,0.6153846153846154
11283,163,80,3,0,0,2,71.0,0.9570552147239264
11287,66,6,1,0,0,2,77.5,0.5
11294,1640,369,9,0,0,4,160.5,0.23597560975609755
11295,14,0,0,0,0,3,139.0,0.35714285714285715
11298,2,0,0,0,0,1,166.0,1.0
11300,94,18,2,0,0,2,87.5,0.7553191489361702
11301,73,17,6,0,0,2,240.0,0.7397260273972602
11302,1162,303,5,0,0,4,228.0,0.1927710843373494
11303,8,1,1,0,0,2,291.5,0.5
11304,20,7,3,0,0,2,34.5,0.8
11305,49,8,2,0,0,2,66.0,0.6530612244897959
11306,25,12,3,0,0,1,52.0,1.0
11308,81,23,3,0,0,2,95.0,0.7530864197530864
11309,2,1,1,0,0,1,1000.0,0.0
11310,1331,479,8,0,0,4,329.0,0.12021036814425244
11311,678,372,8,0,0,3,474.0,0.01032448377581121
11315,29,7,2,0,0,2,6.0,0.3448275862068966
11316,77,30,5,0,0,2,9.0,0.18181818181818182
11317,15,6,1,0,0,4,3.0,0.3333333333333333
11318,2968,1127,16,0,0,3,281.0,0.016172506738544475
11319,2745,1086,7,0,0,3,348.0,0.018579234972677595
11320,203,89,11,0,0,4,323.0,0.029556650246305417
11321,15,8,3,0,0,1,70.0,1.0
11322,3,1,1,0,0,1,139.0,1.0
11323,37,18,2,0,0,1,341.0,0.08108108108108109
11324,6,3,2,0,0,1,460.5,0.0
11325,68,28,4,0,0,2,4.5,0.35294117647058826
11326,70,29,6,0,0,3,500.0,0.0
11327,568,194,6,0,0,3,391.0,0.017605633802816902
11328,29,13,4,0,0,2,35.0,0.6206896551724138
11329,19,4,2,0,0,2,19.0,0.3684210526315789
11330,114,39,3,0,0,3,500.0,0.02631578947368421
11332,25,8,2,0,0,3,817.0,0.0
11333,3,1,1,0,0,1,5.0,0.3333333333333333
11334,48,15,2,0,0,3,193.0,0.0
11335,83,25,3,0,0,3,500.0,0.024096385542168676
11336,11,3,1,0,0,3,607.0,0.0
11337,8,2,1,0,0,3,749.5,0.0
11338,20,3,1,0,0,3,385.0,0.05
11340,120,47,4,0,0,4,393.5,0.2
11341,969,299,11,0,0,3,260.0,0.025799793601651185
11342,35,11,3,0,0,3,500.0,0.0
11344,18,7,3,0,0,3,500.0,0.0
11345,198,67,4,0,0,3,445.0,0.005050505050505051
11346,5,2,2,0,0,3,529.0,0.0
11347,120,48,4,0,0,3,500.0,0.041666666666666664
11348,161,56,5,0,0,3,500.0,0.024844720496894408
11350,17,3,1,0,0,2,31.0,0.5294117647058824
11351,38,15,5,0,0,3,596.5,0.02631578947368421
11352,295,65,3,0,0,4,76.0,0.3288135593220339
11353,25,9,3,0,0,3,500.0,0.0
11354,409,171,7,0,0,3,453.0,0.02444987775061125
11355,414,124,5,0,0,4,500.0,0.2777777777777778
11356,76,39,9,0,0,3,302.5,0.0
11357,139,42,3,0,0,3,500.0,0.014388489208633094
11358,3,1,1,0,0,3,500.0,0.0
11359,63,28,4,0,0,3,412.0,0.07936507936507936
11360,1133,382,7,0,0,4,500.0,0.03971756398940865
11361,2434,855,10,0,0,3,500.0,0.03204601479046836
11362,19,8,2,0,0,3,405.0,0.05263157894736842
11363,58,19,2,0,0,3,494.0,0.06896551724137931
11364,51,16,3,0,0,3,400.0,0.0
11365,21,8,3,0,0,3,450.0,0.19047619047619047
11366,481,185,5,0,0,3,500.0,0.02702702702702703
11369,34,10,2,0,0,3,500.0,0.0
11370,53,16,3,0,0,3,500.0,0.05660377358490566
11371,11,3,2,0,0,3,500.0,0.0
11372,1,0,0,0,0,1,687.0,0.0
11373,63,25,3,0,0,3,325.0,0.0
11374,1,0,0,0,0,1,999.0,0.0
11375,3,1,1,0,0,2,1000.0,0.0
11377,14,7,3,0,0,1,779.5,0.0
11378,40,13,3,0,0,3,209.5,0.0
11379,34,10,3,0,0,3,500.0,0.0
11383,148,11,1,0,0,2,52.0,0.5608108108108109
11385,491,70,4,0,0,2,43.0,0.48268839103869654
11387,1479,419,4,0,0,3,18.0,0.3563218390804598
11389,2100,604,9,0,0,3,15.0,0.29904761904761906
11390,13,4,4,0,0,2,50.0,0.7692307692307693
11391,18,4,2,0,0,2,59.5,0.4444444444444444
11392,75,24,10,0,0,2,252.0,0.38666666666666666
11393,3,1,1,0,0,1,18.0,0.0
11394,9,2,2,0,0,2,9.0,0.2222222222222222
11396,153,28,2,0,0,2,46.0,0.6601307189542484
11397,86,29,6,0,0,2,28.0,0.3372093023255814
11399,8,1,1,0,0,2,14.0,0.125
11400,4,2,1,0,0,1,18.5,0.0
11401,94,22,3,0,0,2,24.5,0.5638297872340425
11403,3,0,0,0,0,3,46.0,0.3333333333333333
11404,750,168,5,0,0,4,10.5,0.228
11405,345,97,4,0,0,4,3.0,0.4028985507246377
11406,136,66,5,0,0,3,198.0,0.058823529411764705
11407,4,2,1,0,0,2,378.5,0.0
11408,187,60,6,0,0,2,13.0,0.7272727272727273
11409,24,3,1,0,0,2,23.0,0.625
11410,141,12,1,0,0,3,87.0,0.2907801418439716
11411,263,70,3,0,0,3,4.0,0.4448669201520912
11412,218,46,4,0,0,2,2.0,0.3853211009174312
11413,33,8,2,0,0,2,149.0,0.6666666666666666
11414,64,11,2,0,0,2,78.5,0.65625
11415,29,14,4,0,0,2,4.0,0.27586206896551724
11417,4,1,1,0,0,2,500.0,0.5
11422,23,2,1,0,0,4,393.0,0.391304347826087
11423,144,67,8,0,0,4,60.5,0.013888888888888888
11424,417,94,4,0,0,2,3.0,0.38609112709832133
11425,3,0,0,0,0,2,2.0,0.6666666666666666
11426,11,5,2,0,0,1,23.0,0.09090909090909091
11427,4,1,1,0,0,1,3.0,0.25
11428,2,0,0,0,0,1,1.5,0.5
11429,2,0,0,0,0,1,500.0,0.5
11430,17,4,3,0,0,1,2.0,0.4117647058823529
11431,18,7,3,0,0,3,119.0,0.1111111111111111
11432,174,30,2,0,0,2,2.0,0.5057471264367817
11433,4,1,1,0,0,1,4.5,0.25
11434,2,0,0,0,0,2,68.5,0.5
11436,25,14,3,0,0,1,74.0,0.0
11437,4,2,2,0,0,1,1000.0,0.0
11438,1,0,0,0,0,1,250.0,0.0
11439,167,32,4,0,0,2,2.0,0.49101796407185627
11441,47,15,4,0,0,2,3.0,0.2553191489361702
11446,8,0,0,0,0,2,172.5,0.5
11447,16,4,1,0,0,2,69.5,0.5
11450,95,17,2,0,0,2,18.0,0.6105263157894737
11451,57,8,3,0,0,3,9.0,0.9298245614035088
11452,38,13,3,0,0,2,59.0,0.34210526315789475
11453,7,0,0,0,0,2,129.0,0.5714285714285714
11454,14,6,3,0,0,1,180.0,0.0
11458,123,9,2,0,0,2,38.0,0.6422764227642277
11459,371,38,2,0,0,2,62.0,0.49326145552560646
11460,5,0,0,0,0,2,500.0,0.6
11461,27,9,6,0,0,3,25.0,0.5555555555555556
11462,820,306,6,0,0,3,11.0,0.2146341463414634
11464,17,7,2,0,0,1,18.0,0.17647058823529413
11467,6,2,2,0,0,1,13.5,0.0
11468,11,2,1,0,0,3,492.0,0.7272727272727273
11469,14,6,3,0,0,3,44.0,0.0
11470,3,1,1,0,0,1,40.0,0.0
11478,114,24,3,0,0,2,20.0,0.2543859649122807
11479,7,4,2,0,0,1,426.0,0.0
11481,2,0,0,0,0,1,162.0,0.0
11486,5,2,2,0,0,2,317.0,0.0
11497,2,0,0,0,0,1,1.0,1.0
11499,1,0,0,0,0,1,2.0,0.0
11513,3,1,1,0,0,1,18.0,0.0
11517,3,0,0,0,0,1,80.0,0.0
11520,8,4,2,0,0,2,234.5,0.625
11525,3,2,2,0,0,1,40.0,0.0
11528,11,8,6,0,0,1,140.0,0.0
11538,6,2,2,0,0,2,2.0,0.5
11539,48,14,6,0,0,1,2.0,0.4166666666666667
11600,34,21,7,0,0,1,598.0,0.0
11613,13,9,6,0,0,1,829.0,0.0
11614,4,2,1,0,0,1,795.5,0.0
11618,21,8,4,0,0,4,171.0,0.14285714285714285
11626,2,0,0,0,0,2,169.5,0.5
11627,34,3,1,0,0,2,66.5,0.6470588235294118
11628,13,1,1,0,0,2,141.0,0.6153846153846154
11630,32,6,2,0,0,2,253.0,0.625
11631,7,3,3,0,0,2,3.0,0.8571428571428571
11632,1,0,0,0,0,1,123.0,1.0
11637,14,1,1,0,0,2,208.0,0.5714285714285714
11638,8,0,0,0,0,2,84.5,0.625
11646,367,90,3,0,0,4,231.0,0.23978201634877383
11648,4,0,0,0,0,2,265.0,0.5
11651,1608,674,7,0,0,4,282.5,0.10696517412935323
11654,18,10,5,0,0,3,51.0,0.05555555555555555
11655,405,109,6,0,0,4,16.0,0.34074074074074073
11656,325,109,6,0,0,4,4.0,0.22153846153846155
11659,598,227,8,0,0,2,3.0,0.22742474916387959
11660,117,40,4,0,0,1,8.0,0.17094017094017094
11663,757,134,5,0,0,3,104.0,0.5165125495376486
11664,2,1,1,0,0,1,135.0,0.0
11668,15,6,3,0,0,2,112.0,0.06666666666666667
11669,103,53,10,0,0,4,208.0,0.11650485436893204
11672,1,0,0,0,0,1,11.0,0.0
11673,120,43,5,0,0,2,33.0,0.65
11674,3,2,2,0,0,1,5.0,0.0
11675,1692,819,8,0,0,3,41.0,0.9663120567375887
11676,1,0,0,0,0,1,255.0,0.0
11677,8,0,0,0,0,2,45.0,0.5
11679,538,234,5,0,0,3,38.0,0.1821561338289963
11680,84,33,6,0,0,3,351.5,0.0
11685,150,71,7,0,0,2,35.0,0.05333333333333334
11687,13,2,1,0,0,2,184.0,0.5384615384615384
11691,107,56,5,0,0,3,42.0,0.18691588785046728
11692,77,43,8,0,0,2,31.0,0.2597402597402597
11697,70,20,7,0,0,3,162.0,0.35714285714285715
11698,45,4,1,0,0,2,37.0,0.5555555555555556
11702,133,25,3,0,0,2,89.0,0.556390977443609
11703,34,8,3,0,0,2,394.5,0.38235294117647056
11705,218,70,6,0,0,2,167.0,0.43119266055045874
11721,111,33,6,0,0,2,34.0,0.2972972972972973
11723,2,0,0,0,0,1,15.5,0.5
11815,2,0,0,0,0,1,138.0,0.0
11819,9,7,7,0,0,1,999.0,0.0
11841,1,0,0,0,0,1,999.0,0.0
11844,24,3,3,0,0,1,1.0,0.7916666666666666
11879,9,4,4,0,0,1,221.0,0.0
11882,4,1,1,0,0,1,845.0,0.0
11884,2,0,0,0,0,2,140.0,0.5
11887,5,1,1,0,0,2,500.0,0.0
11890,14,7,3,0,0,2,595.0,0.0
11891,17,10,6,0,0,3,500.0,0.0
11895,127,52,7,0,0,3,237.0,0.0
11905,1,0,0,0,0,1,999.0,0.0
11907,59,19,4,0,0,3,500.0,0.05084745762711865
11909,3,0,0,0,0,1,21.0,0.0
11910,7,1,1,0,0,2,125.0,0.0
11911,34,22,5,0,0,3,527.5,0.0
11914,86,29,3,0,0,3,500.0,0.12790697674418605
11926,35,7,2,0,0,2,500.0,0.0
11928,32,6,1,0,0,2,323.0,0.0625
11929,6,1,1,0,0,3,589.0,0.0
11930,83,24,3,0,0,3,500.0,0.04819277108433735
11931,3,0,0,0,0,3,919.0,0.0
11932,56,14,5,0,0,3,648.5,0.017857142857142856
11934,55,22,5,0,0,3,746.0,0.0
11935,97,24,3,0,0,3,500.0,0.0
11936,46,10,2,0,0,3,275.0,0.0
11937,47,14,3,0,0,3,60.0,0.19148936170212766
11938,97,23,2,0,0,3,492.0,0.020618556701030927
11939,21,3,1,0,0,3,500.0,0.14285714285714285
11941,3,0,0,0,0,2,999.0,0.0
11942,9,0,0,0,0,2,500.0,0.0
11949,15,10,5,0,0,1,1000.0,0.0
11956,6,3,2,0,0,3,999.0,0.0
11957,5,1,1,0,0,2,401.0,0.0
11958,290,138,6,0,0,3,198.5,0.04827586206896552
11960,14,2,1,0,0,3,237.0,0.07142857142857142
11961,24,6,2,0,0,3,500.0,0.0
11962,630,236,7,0,0,3,189.5,0.050793650793650794
11967,42,10,3,0,0,3,500.0,0.0
11968,8,0,0,0,0,2,1.0,1.0
11975,23,6,1,0,0,3,493.0,0.0
11978,3059,1104,11,0,0,3,433.0,0.02386400784570121
11986,3002,1119,13,0,0,3,500.0,0.014323784143904063
11998,62,18,2,0,0,3,13.0,0.20967741935483872
12005,50,13,3,0,0,3,458.0,0.02
12006,59,19,5,0,0,3,271.0,0.03389830508474576
12007,96,12,3,0,0,2,320.0,0.020833333333333332
12010,59,20,4,0,0,3,453.0,0.01694915254237288
12012,124,64,8,0,0,3,65.5,0.016129032258064516
12014,26,5,2,0,0,3,120.0,0.038461538461538464
12015,17,10,2,0,0,1,131.0,0.0
12019,13,7,5,0,0,1,317.0,0.15384615384615385
12023,1,0,0,0,0,1,302.0,0.0
12028,13,6,2,0,0,1,116.0,0.07692307692307693
12031,29,2,1,0,0,2,170.0,0.5172413793103449
12033,73,8,2,0,0,2,69.0,0.6301369863013698
12034,2060,306,3,0,0,4,85.0,0.4810679611650485
12039,1674,388,4,0,0,4,53.0,0.46953405017921146
12047,17,4,1,0,0,2,367.0,0.0
12048,24,7,2,0,0,3,9.0,0.20833333333333334
12049,11,1,1,0,0,2,147.0,0.0
12050,21,0,0,0,0,2,268.0,0.047619047619047616
12053,287,43,2,0,0,2,121.0,0.0313588850174216
12054,26,15,4,0,0,2,441.5,0.0
12057,18,4,1,0,0,2,66.5,0.5555555555555556
12058,6,3,3,0,0,1,9.0,0.0
12059,34,14,2,0,0,2,43.0,0.058823529411764705
12062,126,27,5,0,0,2,61.0,0.4523809523809524
12063,6,1,1,0,0,1,266.5,0.0
12071,129,43,4,0,0,2,18.0,0.3333333333333333
12072,3,1,1,0,0,1,661.0,0.0
12076,2,0,0,0,0,2,749.5,0.0
12109,1,0,0,0,0,1,1.0,1.0
12112,1,0,0,0,0,1,1.0,1.0
12116,2,0,0,0,0,1,1.0,1.0
12118,55,26,3,0,0,3,11.0,1.0
12119,24,2,1,0,0,8,161.0,1.0
12121,1,0,0,0,0,1,150.0,1.0
12122,6,2,1,0,0,2,161.0,1.0
12124,1,0,0,0,0,1,150.0,1.0
12126,20,1,1,0,0,10,164.0,1.0
12147,1,0,0,0,0,1,10.0,0.0
12152,12,0,0,0,0,3,1.0,1.0
12153,2,1,1,0,0,2,201.0,1.0
12155,5,0,0,0,0,1,1.0,1.0
12166,2,0,0,0,0,2,1.0,1.0
12167,32,0,0,0,0,6,1.0,1.0
12170,3,0,0,0,0,3,1.0,1.0
12177,1,0,0,0,0,1,10.0,0.0
12180,3,0,0,0,0,3,1.0,1.0
12184,19,0,0,0,0,7,1.0,1.0
12204,1,0,0,0,0,1,293.0,1.0
12210,12,0,0,0,0,2,1.0,1.0
12211,7,0,0,0,0,7,1.0,1.0
12214,9,0,0,0,0,1,25.0,1.0
12217,8,0,0,0,0,6,1.0,1.0
12219,3,0,0,0,0,1,425.0,1.0
12235,10,0,0,0,0,1,1.0,1.0
12237,3,2,2,0,0,1,44.0,1.0
12238,34,7,3,1,1,23,36.5,0.4411764705882353
