session_id,query_position,query
benchmark_s1,0,"SELECT o.""region"", o.""category"", o.""supplier_type"", o.""price_range"", o.""quantity_bin"", o.""priority"", o.""ship_mode"", o.""year"", o.""quarter"" FROM orders o JOIN query_membership m ON m.row_id = o.row_id WHERE m.session_id = 'benchmark_s1' AND m.query_position = 0 ORDER BY m.ordinal"
benchmark_s1,1,"SELECT o.""region"", o.""category"", o.""supplier_type"", o.""price_range"", o.""quantity_bin"", o.""priority"", o.""ship_mode"", o.""year"", o.""quarter"" FROM orders o JOIN query_membership m ON m.row_id = o.row_id WHERE m.session_id = 'benchmark_s1' AND m.query_position = 1 ORDER BY m.ordinal"
benchmark_s1,2,"SELECT o.""region"", o.""category"", o.""supplier_type"", o.""price_range"", o.""quantity_bin"", o.""priority"", o.""ship_mode"", o.""year"", o.""quarter"" FROM orders o JOIN query_membership m ON m.row_id = o.row_id WHERE m.session_id = 'benchmark_s1' AND m.query_position = 2 ORDER BY m.ordinal"
benchmark_s1,3,"SELECT o.""region"", o.""category"", o.""supplier_type"", o.""price_range"", o.""quantity_bin"", o.""priority"", o.""ship_mode"", o.""year"", o.""quarter"" FROM orders o JOIN query_membership m ON m.row_id = o.row_id WHERE m.session_id = 'benchmark_s1' AND m.query_position = 3 ORDER BY m.ordinal"
benchmark_s1,4,"SELECT o.""region"", o.""category"", o.""supplier_type"", o.""price_range"", o.""quantity_bin"", o.""priority"", o.""ship_mode"", o.""year"", o.""quarter"" FROM orders o JOIN query_membership m ON m.row_id = o.row_id WHERE m.session_id = 'benchmark_s1' AND m.query_position = 4 ORDER BY m.ordinal"
benchmark_s1,5,"SELECT o.""region"", o.""category"", o.""supplier_type"", o.""price_range"", o.""quantity_bin"", o.""priority"", o.""ship_mode"", o.""year"", o.""quarter"" FROM orders o JOIN query_membership m ON m.row_id = o.row_id WHERE m.session_id = 'benchmark_s1' AND m.query_position = 5 ORDER BY m.ordinal"
benchmark_s1,6,"SELECT o.""region"", o.""category"", o.""supplier_type"", o.""price_range"", o.""quantity_bin"", o.""priority"", o.""ship_mode"", o.""year"", o.""quarter"" FROM orders o JOIN query_membership m ON m.row_id = o.row_id WHERE m.session_id = 'benchmark_s1' AND m.query_position = 6 ORDER BY m.ordinal"
benchmark_s1,7,"SELECT o.""region"", o.""category"", o.""supplier_type"", o.""price_range"", o.""quantity_bin"", o.""priority"", o.""ship_mode"", o.""year"", o.""quarter"" FROM orders o JOIN query_membership m ON m.row_id = o.row_id WHERE m.session_id = 'benchmark_s1' AND m.query_position = 7 ORDER BY m.ordinal"
benchmark_s1,8,"SELECT o.""region"", o.""category"", o.""supplier_type"", o.""price_range"", o.""quantity_bin"", o.""priority"", o.""ship_mode"", o.""year"", o.""quarter"" FROM orders o JOIN query_membership m ON m.row_id = o.row_id WHERE m.session_id = 'benchmark_s1' AND m.query_position = 8 ORDER BY m.ordinal"
benchmark_s1,9,"SELECT o.""region"", o.""category"", o.""supplier_type"", o.""price_range"", o.""quantity_bin"", o.""priority"", o.""ship_mode"", o.""year"", o.""quarter"" FROM orders o JOIN query_membership m ON m.row_id = o.row_id WHERE m.session_id = 'benchmark_s1' AND m.query_position = 9 ORDER BY m.ordinal"
benchmark_s1,10,"SELECT o.""region"", o.""category"", o.""supplier_type"", o.""price_range"", o.""quantity_bin"", o.""priority"", o.""ship_mode"", o.""year"", o.""quarter"" FROM orders o JOIN query_membership m ON m.row_id = o.row_id WHERE m.session_id = 'benchmark_s1' AND m.query_position = 10 ORDER BY m.ordinal"
benchmark_s1,11,"SELECT o.""region"", o.""category"", o.""supplier_type"", o.""price_range"", o.""quantity_bin"", o.""priority"", o.""ship_mode"", o.""year"", o.""quarter"" FROM orders o JOIN query_membership m ON m.row_id = o.row_id WHERE m.session_id = 'benchmark_s1' AND m.query_position = 11 ORDER BY m.ordinal"
benchmark_s1,12,"SELECT o.""region"", o.""category"", o.""supplier_type"", o.""price_range"", o.""quantity_bin"", o.""priority"", o.""ship_mode"", o.""year"", o.""quarter"" FROM orders o JOIN query_membership m ON m.row_id = o.row_id WHERE m.session_id = 'benchmark_s1' AND m.query_position = 12 ORDER BY m.ordinal"
benchmark_s1,13,"SELECT o.""region"", o.""category"", o.""supplier_type"", o.""price_range"", o.""quantity_bin"", o.""priority"", o.""ship_mode"", o.""year"", o.""quarter"" FROM orders o JOIN query_membership m ON m.row_id = o.row_id WHERE m.session_id = 'benchmark_s1' AND m.query_position = 13 ORDER BY m.ordinal"
benchmark_s1,14,"SELECT o.""region"", o.""category"", o.""supplier_type"", o.""price_range"", o.""quantity_bin"", o.""priority"", o.""ship_mode"", o.""year"", o.""quarter"" FROM orders o JOIN query_membership m ON m.row_id = o.row_id WHERE m.session_id = 'benchmark_s1' AND m.query_position = 14 ORDER BY m.ordinal"
benchmark_s1,15,"SELECT o.""region"", o.""category"", o.""supplier_type"", o.""price_range"", o.""quantity_bin"", o.""priority"", o.""ship_mode"", o.""year"", o.""quarter"" FROM orders o JOIN query_membership m ON m.row_id = o.row_id WHERE m.session_id = 'benchmark_s1' AND m.query_position = 15 ORDER BY m.ordinal"
benchmark_s1,16,"SELECT o.""region"", o.""category"", o.""supplier_type"", o.""price_range"", o.""quantity_bin"", o.""priority"", o.""ship_mode"", o.""year"", o.""quarter"" FROM orders o JOIN query_membership m ON m.row_id = o.row_id WHERE m.session_id = 'benchmark_s1' AND m.query_position = 16 ORDER BY m.ordinal"
benchmark_s1,17,"SELECT o.""region"", o.""category"", o.""supplier_type"", o.""price_range"", o.""quantity_bin"", o.""priority"", o.""ship_mode"", o.""year"", o.""quarter"" FROM orders o JOIN query_membership m ON m.row_id = o.row_id WHERE m.session_id = 'benchmark_s1' AND m.query_position = 17 ORDER BY m.ordinal"
benchmark_s1,18,"SELECT o.""region"", o.""category"", o.""supplier_type"", o.""price_range"", o.""quantity_bin"", o.""priority"", o.""ship_mode"", o.""year"", o.""quarter"" FROM orders o JOIN query_membership m ON m.row_id = o.row_id WHERE m.session_id = 'benchmark_s1' AND m.query_position = 18 ORDER BY m.ordinal"
benchmark_s1,19,"SELECT o.""region"", o.""category"", o.""supplier_type"", o.""price_range"", o.""quantity_bin"", o.""priority"", o.""ship_mode"", o.""year"", o.""quarter"" FROM orders o JOIN query_membership m ON m.row_id = o.row_id WHERE m.session_id = 'benchmark_s1' AND m.query_position = 19 ORDER BY m.ordinal"
benchmark_s1,20,"SELECT o.""region"", o.""category"", o.""supplier_type"", o.""price_range"", o.""quantity_bin"", o.""priority"", o.""ship_mode"", o.""year"", o.""quarter"" FROM orders o JOIN query_membership m ON m.row_id = o.row_id WHERE m.session_id = 'benchmark_s1' AND m.query_position = 20 ORDER BY m.ordinal"
benchmark_s1,21,"SELECT o.""region"", o.""category"", o.""supplier_type"", o.""price_range"", o.""quantity_bin"", o.""priority"", o.""ship_mode"", o.""year"", o.""quarter"" FROM orders o JOIN query_membership m ON m.row_id = o.row_id WHERE m.session_id = 'benchmark_s1' AND m.query_position = 21 ORDER BY m.ordinal"
benchmark_s1,22,"SELECT o.""region"", o.""category"", o.""supplier_type"", o.""price_range"", o.""quantity_bin"", o.""priority"", o.""ship_mode"", o.""year"", o.""quarter"" FROM orders o JOIN query_membership m ON m.row_id = o.row_id WHERE m.session_id = 'benchmark_s1' AND m.query_position = 22 ORDER BY m.ordinal"
benchmark_s1,23,"SELECT o.""region"", o.""category"", o.""supplier_type"", o.""price_range"", o.""quantity_bin"", o.""priority"", o.""ship_mode"", o.""year"", o.""quarter"" FROM orders o JOIN query_membership m ON m.row_id = o.row_id WHERE m.session_id = 'benchmark_s1' AND m.query_position = 23 ORDER BY m.ordinal"
benchmark_s1,24,"SELECT o.""region"", o.""category"", o.""supplier_type"", o.""price_range"", o.""quantity_bin"", o.""priority"", o.""ship_mode"", o.""year"", o.""quarter"" FROM orders o JOIN query_membership m ON m.row_id = o.row_id WHERE m.session_id = 'benchmark_s1' AND m.query_position = 24 ORDER BY m.ordinal"
benchmark_s1,25,"SELECT o.""region"", o.""category"", o.""supplier_type"", o.""price_range"", o.""quantity_bin"", o.""priority"", o.""ship_mode"", o.""year"", o.""quarter"" FROM orders o JOIN query_membership m ON m.row_id = o.row_id WHERE m.session_id = 'benchmark_s1' AND m.query_position = 25 ORDER BY m.ordinal"
benchmark_s1,26,"SELECT o.""region"", o.""category"", o.""supplier_type"", o.""price_range"", o.""quantity_bin"", o.""priority"", o.""ship_mode"", o.""year"", o.""quarter"" FROM orders o JOIN query_membership m ON m.row_id = o.row_id WHERE m.session_id = 'benchmark_s1' AND m.query_position = 26 ORDER BY m.ordinal"
benchmark_s1,27,"SELECT o.""region"", o.""category"", o.""supplier_type"", o.""price_range"", o.""quantity_bin"", o.""priority"", o.""ship_mode"", o.""year"", o.""quarter"" FROM orders o JOIN query_membership m ON m.row_id = o.row_id WHERE m.session_id = 'benchmark_s1' AND m.query_position = 27 ORDER BY m.ordinal"
benchmark_s1,28,"SELECT o.""region"", o.""category"", o.""supplier_type"", o.""price_range"", o.""quantity_bin"", o.""priority"", o.""ship_mode"", o.""year"", o.""quarter"" FROM orders o JOIN query_membership m ON m.row_id = o.row_id WHERE m.session_id = 'benchmark_s1' AND m.query_position = 28 ORDER BY m.ordinal"
benchmark_s1,29,"SELECT o.""region"", o.""category"", o.""supplier_type"", o.""price_range"", o.""quantity_bin"", o.""priority"", o.""ship_mode"", o.""year"", o.""quarter"" FROM orders o JOIN query_membership m ON m.row_id = o.row_id WHERE m.session_id = 'benchmark_s1' AND m.query_position = 29 ORDER BY m.ordinal"
benchmark_s2,0,"SELECT o.""region"", o.""category"", o.""supplier_type"", o.""price_range"", o.""quantity_bin"", o.""priority"", o.""ship_mode"", o.""year"", o.""quarter"" FROM orders o JOIN query_membership m ON m.row_id = o.row_id WHERE m.session_id = 'benchmark_s2' AND m.query_position = 0 ORDER BY m.ordinal"
benchmark_s2,1,"SELECT o.""region"", o.""category"", o.""supplier_type"", o.""price_range"", o.""quantity_bin"", o.""priority"", o.""ship_mode"", o.""year"", o.""quarter"" FROM orders o JOIN query_membership m ON m.row_id = o.row_id WHERE m.session_id = 'benchmark_s2' AND m.query_position = 1 ORDER BY m.ordinal"
benchmark_s2,2,"SELECT o.""region"", o.""category"", o.""supplier_type"", o.""price_range"", o.""quantity_bin"", o.""priority"", o.""ship_mode"", o.""year"", o.""quarter"" FROM orders o JOIN query_membership m ON m.row_id = o.row_id WHERE m.session_id = 'benchmark_s2' AND m.query_position = 2 ORDER BY m.ordinal"
benchmark_s2,3,"SELECT o.""region"", o.""category"", o.""supplier_type"", o.""price_range"", o.""quantity_bin"", o.""priority"", o.""ship_mode"", o.""year"", o.""quarter"" FROM orders o JOIN query_membership m ON m.row_id = o.row_id WHERE m.session_id = 'benchmark_s2' AND m.query_position = 3 ORDER BY m.ordinal"
benchmark_s2,4,"SELECT o.""region"", o.""category"", o.""supplier_type"", o.""price_range"", o.""quantity_bin"", o.""priority"", o.""ship_mode"", o.""year"", o.""quarter"" FROM orders o JOIN query_membership m ON m.row_id = o.row_id WHERE m.session_id = 'benchmark_s2' AND m.query_position = 4 ORDER BY m.ordinal"
benchmark_s2,5,"SELECT o.""region"", o.""category"", o.""supplier_type"", o.""price_range"", o.""quantity_bin"", o.""priority"", o.""ship_mode"", o.""year"", o.""quarter"" FROM orders o JOIN query_membership m ON m.row_id = o.row_id WHERE m.session_id = 'benchmark_s2' AND m.query_position = 5 ORDER BY m.ordinal"
benchmark_s2,6,"SELECT o.""region"", o.""category"", o.""supplier_type"", o.""price_range"", o.""quantity_bin"", o.""priority"", o.""ship_mode"", o.""year"", o.""quarter"" FROM orders o JOIN query_membership m ON m.row_id = o.row_id WHERE m.session_id = 'benchmark_s2' AND m.query_position = 6 ORDER BY m.ordinal"
benchmark_s2,7,"SELECT o.""region"", o.""category"", o.""supplier_type"", o.""price_range"", o.""quantity_bin"", o.""priority"", o.""ship_mode"", o.""year"", o.""quarter"" FROM orders o JOIN query_membership m ON m.row_id = o.row_id WHERE m.session_id = 'benchmark_s2' AND m.query_position = 7 ORDER BY m.ordinal"
benchmark_s2,8,"SELECT o.""region"", o.""category"", o.""supplier_type"", o.""price_range"", o.""quantity_bin"", o.""priority"", o.""ship_mode"", o.""year"", o.""quarter"" FROM orders o JOIN query_membership m ON m.row_id = o.row_id WHERE m.session_id = 'benchmark_s2' AND m.query_position = 8 ORDER BY m.ordinal"
benchmark_s2,9,"SELECT o.""region"", o.""category"", o.""supplier_type"", o.""price_range"", o.""quantity_bin"", o.""priority"", o.""ship_mode"", o.""year"", o.""quarter"" FROM orders o JOIN query_membership m ON m.row_id = o.row_id WHERE m.session_id = 'benchmark_s2' AND m.query_position = 9 ORDER BY m.ordinal"
benchmark_s2,10,"SELECT o.""region"", o.""category"", o.""supplier_type"", o.""price_range"", o.""quantity_bin"", o.""priority"", o.""ship_mode"", o.""year"", o.""quarter"" FROM orders o JOIN query_membership m ON m.row_id = o.row_id WHERE m.session_id = 'benchmark_s2' AND m.query_position = 10 ORDER BY m.ordinal"
benchmark_s2,11,"SELECT o.""region"", o.""category"", o.""supplier_type"", o.""price_range"", o.""quantity_bin"", o.""priority"", o.""ship_mode"", o.""year"", o.""quarter"" FROM orders o JOIN query_membership m ON m.row_id = o.row_id WHERE m.session_id = 'benchmark_s2' AND m.query_position = 11 ORDER BY m.ordinal"
benchmark_s2,12,"SELECT o.""region"", o.""category"", o.""supplier_type"", o.""price_range"", o.""quantity_bin"", o.""priority"", o.""ship_mode"", o.""year"", o.""quarter"" FROM orders o JOIN query_membership m ON m.row_id = o.row_id WHERE m.session_id = 'benchmark_s2' AND m.query_position = 12 ORDER BY m.ordinal"
benchmark_s2,13,"SELECT o.""region"", o.""category"", o.""supplier_type"", o.""price_range"", o.""quantity_bin"", o.""priority"", o.""ship_mode"", o.""year"", o.""quarter"" FROM orders o JOIN query_membership m ON m.row_id = o.row_id WHERE m.session_id = 'benchmark_s2' AND m.query_position = 13 ORDER BY m.ordinal"
benchmark_s2,14,"SELECT o.""region"", o.""category"", o.""supplier_type"", o.""price_range"", o.""quantity_bin"", o.""priority"", o.""ship_mode"", o.""year"", o.""quarter"" FROM orders o JOIN query_membership m ON m.row_id = o.row_id WHERE m.session_id = 'benchmark_s2' AND m.query_position = 14 ORDER BY m.ordinal"
benchmark_s2,15,"SELECT o.""region"", o.""category"", o.""supplier_type"", o.""price_range"", o.""quantity_bin"", o.""priority"", o.""ship_mode"", o.""year"", o.""quarter"" FROM orders o JOIN query_membership m ON m.row_id = o.row_id WHERE m.session_id = 'benchmark_s2' AND m.query_position = 15 ORDER BY m.ordinal"
benchmark_s2,16,"SELECT o.""region"", o.""category"", o.""supplier_type"", o.""price_range"", o.""quantity_bin"", o.""priority"", o.""ship_mode"", o.""year"", o.""quarter"" FROM orders o JOIN query_membership m ON m.row_id = o.row_id WHERE m.session_id = 'benchmark_s2' AND m.query_position = 16 ORDER BY m.ordinal"
benchmark_s2,17,"SELECT o.""region"", o.""category"", o.""supplier_type"", o.""price_range"", o.""quantity_bin"", o.""priority"", o.""ship_mode"", o.""year"", o.""quarter"" FROM orders o JOIN query_membership m ON m.row_id = o.row_id WHERE m.session_id = 'benchmark_s2' AND m.query_position = 17 ORDER BY m.ordinal"
benchmark_s2,18,"SELECT o.""region"", o.""category"", o.""supplier_type"", o.""price_range"", o.""quantity_bin"", o.""priority"", o.""ship_mode"", o.""year"", o.""quarter"" FROM orders o JOIN query_membership m ON m.row_id = o.row_id WHERE m.session_id = 'benchmark_s2' AND m.query_position = 18 ORDER BY m.ordinal"
benchmark_s2,19,"SELECT o.""region"", o.""category"", o.""supplier_type"", o.""price_range"", o.""quantity_bin"", o.""priority"", o.""ship_mode"", o.""year"", o.""quarter"" FROM orders o JOIN query_membership m ON m.row_id = o.row_id WHERE m.session_id = 'benchmark_s2' AND m.query_position = 19 ORDER BY m.ordinal"
benchmark_s2,20,"SELECT o.""region"", o.""category"", o.""supplier_type"", o.""price_range"", o.""quantity_bin"", o.""priority"", o.""ship_mode"", o.""year"", o.""quarter"" FROM orders o JOIN query_membership m ON m.row_id = o.row_id WHERE m.session_id = 'benchmark_s2' AND m.query_position = 20 ORDER BY m.ordinal"
benchmark_s2,21,"SELECT o.""region"", o.""category"", o.""supplier_type"", o.""price_range"", o.""quantity_bin"", o.""priority"", o.""ship_mode"", o.""year"", o.""quarter"" FROM orders o JOIN query_membership m ON m.row_id = o.row_id WHERE m.session_id = 'benchmark_s2' AND m.query_position = 21 ORDER BY m.ordinal"
benchmark_s2,22,"SELECT o.""region"", o.""category"", o.""supplier_type"", o.""price_range"", o.""quantity_bin"", o.""priority"", o.""ship_mode"", o.""year"", o.""quarter"" FROM orders o JOIN query_membership m ON m.row_id = o.row_id WHERE m.session_id = 'benchmark_s2' AND m.query_position = 22 ORDER BY m.ordinal"
benchmark_s2,23,"SELECT o.""region"", o.""category"", o.""supplier_type"", o.""price_range"", o.""quantity_bin"", o.""priority"", o.""ship_mode"", o.""year"", o.""quarter"" FROM orders o JOIN query_membership m ON m.row_id = o.row_id WHERE m.session_id = 'benchmark_s2' AND m.query_position = 23 ORDER BY m.ordinal"
benchmark_s2,24,"SELECT o.""region"", o.""category"", o.""supplier_type"", o.""price_range"", o.""quantity_bin"", o.""priority"", o.""ship_mode"", o.""year"", o.""quarter"" FROM orders o JOIN query_membership m ON m.row_id = o.row_id WHERE m.session_id = 'benchmark_s2' AND m.query_position = 24 ORDER BY m.ordinal"
benchmark_s2,25,"SELECT o.""region"", o.""category"", o.""supplier_type"", o.""price_range"", o.""quantity_bin"", o.""priority"", o.""ship_mode"", o.""year"", o.""quarter"" FROM orders o JOIN query_membership m ON m.row_id = o.row_id WHERE m.session_id = 'benchmark_s2' AND m.query_position = 25 ORDER BY m.ordinal"
benchmark_s2,26,"SELECT o.""region"", o.""category"", o.""supplier_type"", o.""price_range"", o.""quantity_bin"", o.""priority"", o.""ship_mode"", o.""year"", o.""quarter"" FROM orders o JOIN query_membership m ON m.row_id = o.row_id WHERE m.session_id = 'benchmark_s2' AND m.query_position = 26 ORDER BY m.ordinal"
benchmark_s2,27,"SELECT o.""region"", o.""category"", o.""supplier_type"", o.""price_range"", o.""quantity_bin"", o.""priority"", o.""ship_mode"", o.""year"", o.""quarter"" FROM orders o JOIN query_membership m ON m.row_id = o.row_id WHERE m.session_id = 'benchmark_s2' AND m.query_position = 27 ORDER BY m.ordinal"
benchmark_s2,28,"SELECT o.""region"", o.""category"", o.""supplier_type"", o.""price_range"", o.""quantity_bin"", o.""priority"", o.""ship_mode"", o.""year"", o.""quarter"" FROM orders o JOIN query_membership m ON m.row_id = o.row_id WHERE m.session_id = 'benchmark_s2' AND m.query_position = 28 ORDER BY m.ordinal"
benchmark_s2,29,"SELECT o.""region"", o.""category"", o.""supplier_type"", o.""price_range"", o.""quantity_bin"", o.""priority"", o.""ship_mode"", o.""year"", o.""quarter"" FROM orders o JOIN query_membership m ON m.row_id = o.row_id WHERE m.session_id = 'benchmark_s2' AND m.query_position = 29 ORDER BY m.ordinal"
benchmark_s3,0,"SELECT o.""region"", o.""category"", o.""supplier_type"", o.""price_range"", o.""quantity_bin"", o.""priority"", o.""ship_mode"", o.""year"", o.""quarter"" FROM orders o JOIN query_membership m ON m.row_id = o.row_id WHERE m.session_id = 'benchmark_s3' AND m.query_position = 0 ORDER BY m.ordinal"
benchmark_s3,1,"SELECT o.""region"", o.""category"", o.""supplier_type"", o.""price_range"", o.""quantity_bin"", o.""priority"", o.""ship_mode"", o.""year"", o.""quarter"" FROM orders o JOIN query_membership m ON m.row_id = o.row_id WHERE m.session_id = 'benchmark_s3' AND m.query_position = 1 ORDER BY m.ordinal"
benchmark_s3,2,"SELECT o.""region"", o.""category"", o.""supplier_type"", o.""price_range"", o.""quantity_bin"", o.""priority"", o.""ship_mode"", o.""year"", o.""quarter"" FROM orders o JOIN query_membership m ON m.row_id = o.row_id WHERE m.session_id = 'benchmark_s3' AND m.query_position = 2 ORDER BY m.ordinal"
benchmark_s3,3,"SELECT o.""region"", o.""category"", o.""supplier_type"", o.""price_range"", o.""quantity_bin"", o.""priority"", o.""ship_mode"", o.""year"", o.""quarter"" FROM orders o JOIN query_membership m ON m.row_id = o.row_id WHERE m.session_id = 'benchmark_s3' AND m.query_position = 3 ORDER BY m.ordinal"
benchmark_s3,4,"SELECT o.""region"", o.""category"", o.""supplier_type"", o.""price_range"", o.""quantity_bin"", o.""priority"", o.""ship_mode"", o.""year"", o.""quarter"" FROM orders o JOIN query_membership m ON m.row_id = o.row_id WHERE m.session_id = 'benchmark_s3' AND m.query_position = 4 ORDER BY m.ordinal"
benchmark_s3,5,"SELECT o.""region"", o.""category"", o.""supplier_type"", o.""price_range"", o.""quantity_bin"", o.""priority"", o.""ship_mode"", o.""year"", o.""quarter"" FROM orders o JOIN query_membership m ON m.row_id = o.row_id WHERE m.session_id = 'benchmark_s3' AND m.query_position = 5 ORDER BY m.ordinal"
benchmark_s3,6,"SELECT o.""region"", o.""category"", o.""supplier_type"", o.""price_range"", o.""quantity_bin"", o.""priority"", o.""ship_mode"", o.""year"", o.""quarter"" FROM orders o JOIN query_membership m ON m.row_id = o.row_id WHERE m.session_id = 'benchmark_s3' AND m.query_position = 6 ORDER BY m.ordinal"
benchmark_s3,7,"SELECT o.""region"", o.""category"", o.""supplier_type"", o.""price_range"", o.""quantity_bin"", o.""priority"", o.""ship_mode"", o.""year"", o.""quarter"" FROM orders o JOIN query_membership m ON m.row_id = o.row_id WHERE m.session_id = 'benchmark_s3' AND m.query_position = 7 ORDER BY m.ordinal"
benchmark_s3,8,"SELECT o.""region"", o.""category"", o.""supplier_type"", o.""price_range"", o.""quantity_bin"", o.""priority"", o.""ship_mode"", o.""year"", o.""quarter"" FROM orders o JOIN query_membership m ON m.row_id = o.row_id WHERE m.session_id = 'benchmark_s3' AND m.query_position = 8 ORDER BY m.ordinal"
benchmark_s3,9,"SELECT o.""region"", o.""category"", o.""supplier_type"", o.""price_range"", o.""quantity_bin"", o.""priority"", o.""ship_mode"", o.""year"", o.""quarter"" FROM orders o JOIN query_membership m ON m.row_id = o.row_id WHERE m.session_id = 'benchmark_s3' AND m.query_position = 9 ORDER BY m.ordinal"
benchmark_s3,10,"SELECT o.""region"", o.""category"", o.""supplier_type"", o.""price_range"", o.""quantity_bin"", o.""priority"", o.""ship_mode"", o.""year"", o.""quarter"" FROM orders o JOIN query_membership m ON m.row_id = o.row_id WHERE m.session_id = 'benchmark_s3' AND m.query_position = 10 ORDER BY m.ordinal"
benchmark_s3,11,"SELECT o.""region"", o.""category"", o.""supplier_type"", o.""price_range"", o.""quantity_bin"", o.""priority"", o.""ship_mode"", o.""year"", o.""quarter"" FROM orders o JOIN query_membership m ON m.row_id = o.row_id WHERE m.session_id = 'benchmark_s3' AND m.query_position = 11 ORDER BY m.ordinal"
benchmark_s3,12,"SELECT o.""region"", o.""category"", o.""supplier_type"", o.""price_range"", o.""quantity_bin"", o.""priority"", o.""ship_mode"", o.""year"", o.""quarter"" FROM orders o JOIN query_membership m ON m.row_id = o.row_id WHERE m.session_id = 'benchmark_s3' AND m.query_position = 12 ORDER BY m.ordinal"
benchmark_s3,13,"SELECT o.""region"", o.""category"", o.""supplier_type"", o.""price_range"", o.""quantity_bin"", o.""priority"", o.""ship_mode"", o.""year"", o.""quarter"" FROM orders o JOIN query_membership m ON m.row_id = o.row_id WHERE m.session_id = 'benchmark_s3' AND m.query_position = 13 ORDER BY m.ordinal"
benchmark_s3,14,"SELECT o.""region"", o.""category"", o.""supplier_type"", o.""price_range"", o.""quantity_bin"", o.""priority"", o.""ship_mode"", o.""year"", o.""quarter"" FROM orders o JOIN query_membership m ON m.row_id = o.row_id WHERE m.session_id = 'benchmark_s3' AND m.query_position = 14 ORDER BY m.ordinal"
benchmark_s3,15,"SELECT o.""region"", o.""category"", o.""supplier_type"", o.""price_range"", o.""quantity_bin"", o.""priority"", o.""ship_mode"", o.""year"", o.""quarter"" FROM orders o JOIN query_membership m ON m.row_id = o.row_id WHERE m.session_id = 'benchmark_s3' AND m.query_position = 15 ORDER BY m.ordinal"
benchmark_s3,16,"SELECT o.""region"", o.""category"", o.""supplier_type"", o.""price_range"", o.""quantity_bin"", o.""priority"", o.""ship_mode"", o.""year"", o.""quarter"" FROM orders o JOIN query_membership m ON m.row_id = o.row_id WHERE m.session_id = 'benchmark_s3' AND m.query_position = 16 ORDER BY m.ordinal"
benchmark_s3,17,"SELECT o.""region"", o.""category"", o.""supplier_type"", o.""price_range"", o.""quantity_bin"", o.""priority"", o.""ship_mode"", o.""year"", o.""quarter"" FROM orders o JOIN query_membership m ON m.row_id = o.row_id WHERE m.session_id = 'benchmark_s3' AND m.query_position = 17 ORDER BY m.ordinal"
benchmark_s3,18,"SELECT o.""region"", o.""category"", o.""supplier_type"", o.""price_range"", o.""quantity_bin"", o.""priority"", o.""ship_mode"", o.""year"", o.""quarter"" FROM orders o JOIN query_membership m ON m.row_id = o.row_id WHERE m.session_id = 'benchmark_s3' AND m.query_position = 18 ORDER BY m.ordinal"
benchmark_s3,19,"SELECT o.""region"", o.""category"", o.""supplier_type"", o.""price_range"", o.""quantity_bin"", o.""priority"", o.""ship_mode"", o.""year"", o.""quarter"" FROM orders o JOIN query_membership m ON m.row_id = o.row_id WHERE m.session_id = 'benchmark_s3' AND m.query_position = 19 ORDER BY m.ordinal"
benchmark_s3,20,"SELECT o.""region"", o.""category"", o.""supplier_type"", o.""price_range"", o.""quantity_bin"", o.""priority"", o.""ship_mode"", o.""year"", o.""quarter"" FROM orders o JOIN query_membership m ON m.row_id = o.row_id WHERE m.session_id = 'benchmark_s3' AND m.query_position = 20 ORDER BY m.ordinal"
benchmark_s3,21,"SELECT o.""region"", o.""category"", o.""supplier_type"", o.""price_range"", o.""quantity_bin"", o.""priority"", o.""ship_mode"", o.""year"", o.""quarter"" FROM orders o JOIN query_membership m ON m.row_id = o.row_id WHERE m.session_id = 'benchmark_s3' AND m.query_position = 21 ORDER BY m.ordinal"
benchmark_s3,22,"SELECT o.""region"", o.""category"", o.""supplier_type"", o.""price_range"", o.""quantity_bin"", o.""priority"", o.""ship_mode"", o.""year"", o.""quarter"" FROM orders o JOIN query_membership m ON m.row_id = o.row_id WHERE m.session_id = 'benchmark_s3' AND m.query_position = 22 ORDER BY m.ordinal"
benchmark_s3,23,"SELECT o.""region"", o.""category"", o.""supplier_type"", o.""price_range"", o.""quantity_bin"", o.""priority"", o.""ship_mode"", o.""year"", o.""quarter"" FROM orders o JOIN query_membership m ON m.row_id = o.row_id WHERE m.session_id = 'benchmark_s3' AND m.query_position = 23 ORDER BY m.ordinal"
benchmark_s3,24,"SELECT o.""region"", o.""category"", o.""supplier_type"", o.""price_range"", o.""quantity_bin"", o.""priority"", o.""ship_mode"", o.""year"", o.""quarter"" FROM orders o JOIN query_membership m ON m.row_id = o.row_id WHERE m.session_id = 'benchmark_s3' AND m.query_position = 24 ORDER BY m.ordinal"
benchmark_s3,25,"SELECT o.""region"", o.""category"", o.""supplier_type"", o.""price_range"", o.""quantity_bin"", o.""priority"", o.""ship_mode"", o.""year"", o.""quarter"" FROM orders o JOIN query_membership m ON m.row_id = o.row_id WHERE m.session_id = 'benchmark_s3' AND m.query_position = 25 ORDER BY m.ordinal"
benchmark_s3,26,"SELECT o.""region"", o.""category"", o.""supplier_type"", o.""price_range"", o.""quantity_bin"", o.""priority"", o.""ship_mode"", o.""year"", o.""quarter"" FROM orders o JOIN query_membership m ON m.row_id = o.row_id WHERE m.session_id = 'benchmark_s3' AND m.query_position = 26 ORDER BY m.ordinal"
benchmark_s3,27,"SELECT o.""region"", o.""category"", o.""supplier_type"", o.""price_range"", o.""quantity_bin"", o.""priority"", o.""ship_mode"", o.""year"", o.""quarter"" FROM orders o JOIN query_membership m ON m.row_id = o.row_id WHERE m.session_id = 'benchmark_s3' AND m.query_position = 27 ORDER BY m.ordinal"
benchmark_s3,28,"SELECT o.""region"", o.""category"", o.""supplier_type"", o.""price_range"", o.""quantity_bin"", o.""priority"", o.""ship_mode"", o.""year"", o.""quarter"" FROM orders o JOIN query_membership m ON m.row_id = o.row_id WHERE m.session_id = 'benchmark_s3' AND m.query_position = 28 ORDER BY m.ordinal"
benchmark_s3,29,"SELECT o.""region"", o.""category"", o.""supplier_type"", o.""price_range"", o.""quantity_bin"", o.""priority"", o.""ship_mode"", o.""year"", o.""quarter"" FROM orders o JOIN query_membership m ON m.row_id = o.row_id WHERE m.session_id = 'benchmark_s3' AND m.query_position = 29 ORDER BY m.ordinal"
